{
    "loss": 0.19715803861618042,
    "accuracy": 0.8633093237876892
}