{
    "loss": 0.08817597478628159,
    "accuracy": 0.9640287756919861
}